{
    "Os": [ "Darwin" ],
    "mode": 2,
    "stick": {
        "Left": {
            "UD": {
                "index": 2,
                "average": false,
                "valueInverse": true,
                "discretize": 0.1
            },
            "LR": {
                "index": 3,
                "average": false,
                "valueInverse": false
            }
        },
        "Right": {
            "UD": {
                "index": 1,
                "average": false,
                "valueInverse": true
            },
            "LR": {
                "index": 0,
                "average": false,
                "valueInverse": false
            }
        }
    },
    "Event": {
        "RadioControlEnable": {
            "index": 0,
            "type": "switch",
            "off": "up",
            "on": "down"
        },
        "Camera": {
            "index": 2,
            "type": "switch",
            "off": "up",
            "on": "down"
        },
        "GrabBaggage": {
            "index": 5,
            "type": "switch",
            "off": "down",
            "on": "up"
        },
        "NoUse1": {
            "index": 1,
            "type": "switch",
            "off": "down",
            "on": "up"
        },
        "CameraMoveUp": {
            "index": 3,
            "type": "switch",
            "off": "down",
            "on": "up"
        },
        "CameraMoveDown": {
            "index": 4,
            "type": "switch",
            "off": "down",
            "on": "up"
        }
    }
}