{
    "robots": [
        {
            "name": "Drone",
            "rpc_pdu_readers": [],
            "rpc_pdu_writers": [],
            "shm_pdu_readers": [
                {
                    "type": "hako_mavlink_msgs/HakoHilActuatorControls",
                    "org_name": "motor",
                    "name": "Drone_motor",
                    "channel_id": 0,
                    "pdu_size": 112,
                    "write_cycle": 1,
                    "method_type": "SHM"
                },
                {
                    "type": "geometry_msgs/Twist",
                    "org_name": "pos",
                    "name": "Drone_pos",
                    "channel_id": 1,
                    "pdu_size": 72,
                    "write_cycle": 1,
                    "method_type": "SHM"
                },
                {
                    "type": "hako_msgs/Disturbance",
                    "org_name": "disturb",
                    "name": "Drone_disturb",
                    "channel_id": 3,
                    "pdu_size": 256,
                    "write_cycle": 1,
                    "method_type": "SHM"
                },
                {
                    "type": "hako_msgs/HakoBatteryStatus",
                    "org_name": "battery",
                    "name": "Drone_battery",
                    "channel_id": 4,
                    "pdu_size": 56,
                    "write_cycle": 1,
                    "method_type": "SHM"
                },
                {
                    "type": "geometry_msgs/Twist",
                    "org_name": "velocity",
                    "name": "Drone_velocity",
                    "channel_id": 5,
                    "pdu_size": 72,
                    "write_cycle": 1,
                    "method_type": "SHM"
                },
                {
                    "type": "hako_msgs/HakoDroneCmdTakeoff",
                    "org_name": "drone_cmd_takeoff",
                    "name": "Drone_drone_cmd_takeoff",
                    "channel_id": 6,
                    "pdu_size": 88,
                    "write_cycle": 1,
                    "method_type": "SHM"
                },
                {
                    "type": "hako_msgs/HakoDroneCmdMove",
                    "org_name": "drone_cmd_move",
                    "name": "Drone_drone_cmd_move",
                    "channel_id": 7,
                    "pdu_size": 104,
                    "write_cycle": 1,
                    "method_type": "SHM"
                },
                {
                    "type": "hako_msgs/HakoDroneCmdLand",
                    "org_name": "drone_cmd_land",
                    "name": "Drone_drone_cmd_land",
                    "channel_id": 8,
                    "pdu_size": 88,
                    "write_cycle": 1,
                    "method_type": "SHM"
                },
                {
                    "type": "hako_msgs/GameControllerOperation",
                    "org_name": "hako_cmd_game",
                    "name": "Drone_hako_cmd_game",
                    "channel_id": 9,
                    "pdu_size": 160,
                    "write_cycle": 1,
                    "method_type": "SHM"
                },
                {
                    "type": "hako_msgs/HakoCmdCamera",
                    "org_name": "hako_cmd_camera",
                    "name": "Drone_hako_cmd_camera",
                    "channel_id": 10,
                    "pdu_size": 44,
                    "write_cycle": 1,
                    "method_type": "SHM"
                },
                {
                    "type": "hako_msgs/HakoCmdCameraMove",
                    "org_name": "hako_cmd_camera_move",
                    "name": "Drone_hako_cmd_camera_move",
                    "channel_id": 11,
                    "pdu_size": 64,
                    "write_cycle": 1,
                    "method_type": "SHM"
                },
                {
                    "type": "hako_msgs/HakoCmdMagnetHolder",
                    "org_name": "hako_cmd_magnet_holder",
                    "name": "Drone_hako_cmd_magnet_holder",
                    "channel_id": 14,
                    "pdu_size": 40,
                    "write_cycle": 1,
                    "method_type": "SHM"
                },
                {
                    "type": "hako_msgs/DroneStatus",
                    "org_name": "status",
                    "name": "Drone_status",
                    "channel_id": 18,
                    "pdu_size": 56,
                    "write_cycle": 1,
                    "method_type": "SHM"
                }
            ],
            "shm_pdu_writers": [
                {
                    "type": "hako_msgs/ImpulseCollision",
                    "org_name": "impulse",
                    "name": "Drone_impulse",
                    "channel_id": 2,
                    "pdu_size": 216,
                    "write_cycle": 1,
                    "method_type": "SHM"
                },
                {
                    "type": "hako_msgs/HakoCameraData",
                    "org_name": "hako_camera_data",
                    "name": "Drone_hako_camera_data",
                    "channel_id": 12,
                    "pdu_size": 1002992,
                    "write_cycle": 1,
                    "method_type": "SHM"
                },
                {
                    "type": "hako_msgs/HakoCameraInfo",
                    "org_name": "hako_cmd_camera_info",
                    "name": "Drone_hako_cmd_camera_info",
                    "channel_id": 13,
                    "pdu_size": 56,
                    "write_cycle": 1,
                    "method_type": "SHM"
                },
                {
                    "type": "hako_msgs/HakoStatusMagnetHolder",
                    "org_name": "hako_status_magnet_holder",
                    "name": "Drone_hako_status_magnet_holder",
                    "channel_id": 15,
                    "pdu_size": 32,
                    "write_cycle": 1,
                    "method_type": "SHM"
                },
                {
                    "type": "sensor_msgs/PointCloud2",
                    "org_name": "lidar_points",
                    "name": "Drone_lidar_points",
                    "channel_id": 16,
                    "pdu_size": 177424,
                    "write_cycle": 1,
                    "method_type": "SHM"
                },
                {
                    "type": "geometry_msgs/Twist",
                    "org_name": "lidar_pos",
                    "name": "Drone_lidar_pos",
                    "channel_id": 17,
                    "pdu_size": 72,
                    "write_cycle": 1,
                    "method_type": "SHM"
                },
                {
                    "type": "hako_msgs/DroneStatus",
                    "org_name": "status",
                    "name": "Drone_status",
                    "channel_id": 18,
                    "pdu_size": 56,
                    "write_cycle": 1,
                    "method_type": "SHM"
                }
            ]
        }
    ]
}